epoch,loss,sup,unsup,contra,mask,st_acc,te_acc,best_acc,lr,ema
0,1.93513430081881,1.93513430081881,0.0,0.0,0.0,0.311375,0.210875,0.311375,0.00016666666666666666,0.99
1,1.7306952598767402,1.7306952598767402,0.0,0.0,0.0,0.34525,0.227875,0.34525,0.0003333333333333333,0.9900098663578586
